month,PM2.5
January,94.28405322469331
February,71.04350098697802
March,52.12407981357179
April,45.866061743768995
May,40.11094497184442
June,31.499145473638904
July,25.429050348612133
August,28.226778735607716
September,27.779465014258882
October,54.794725532740884
November,90.48183636977085
December,80.42737826310527
